area_id,level,x_min_dxf_mm,y_min_dxf_mm,x_max_dxf_mm,y_max_dxf_mm,line_h_count,line_v_count,cross3_count,cross4_count,task_ids
A-L0-A01,0,20332.54,10195.1,21772.54,11150.13,2,2,0,1,A-T00012;A-T00013;A-T00297;A-VLOW-21593;A-CROSS4-21593-10950
A-L0-A02,0,21772.54,10870.1,23212.54,11030.1,2,0,0,0,A-T00014;A-T00015
A-L0-A03,0,23132.54,10870.1,24012.54,11030.1,1,0,0,0,A-T00016
A-L0-A04,0,23932.54,10135.1,25372.54,11210.13,2,2,0,1,A-T00017;A-T00018;A-T00314;A-VLOW-24113;A-CROSS4-24113-10950
A-L0-A05,0,25372.54,10135.1,26812.54,11210.13,2,2,0,1,A-T00019;A-T00020;A-T00331;A-VLOW-26633;A-CROSS4-26633-10950
A-L0-A06,0,26812.54,10870.1,28252.54,11030.1,2,0,0,0,A-T00021;A-T00022
A-L0-A07,0,28252.54,10135.1,29692.54,11210.13,2,2,0,1,A-T00023;A-T00024;A-T00348;A-VLOW-29153;A-CROSS4-29153-10950
A-L0-A08,0,29612.54,10870.1,30492.54,11030.1,1,0,0,0,A-T00025
A-L1-A01,1,16817.59,13930.13,17892.54,14810.13,1,1,1,0,A-T00063;A-T00277;A-CROSS3-16898-14190
A-L1-A02,1,17812.54,13930.13,19252.54,14810.13,2,1,0,1,A-T00064;A-T00065;A-T00286;A-CROSS4-19073-14190
A-L1-A03,1,19252.54,14110.1,20692.54,14270.1,2,0,0,0,A-T00066;A-T00067
A-L1-A04,1,20692.54,13930.13,22132.54,14810.13,2,1,0,1,A-T00068;A-T00069;A-T00302;A-CROSS4-21593-14190
A-L1-A05,1,22052.54,14110.1,22932.54,14270.1,1,0,0,0,A-T00070
A-L1-A06,1,22852.54,13930.13,24292.54,14810.13,2,1,0,1,A-T00071;A-T00072;A-T00319;A-CROSS4-24113-14190
A-L1-A07,1,24292.54,14110.1,25732.54,14270.1,2,0,0,0,A-T00073;A-T00074
A-L1-A08,1,25732.54,13930.13,27172.54,14810.13,2,1,0,1,A-T00075;A-T00076;A-T00336;A-CROSS4-26633-14190
A-L1-A09,1,27092.54,14110.1,27972.54,14270.1,1,0,0,0,A-T00077
A-L1-A10,1,27892.54,13930.13,29332.54,14810.13,2,1,0,1,A-T00078;A-T00079;A-T00353;A-CROSS4-29153-14190
A-L1-A11,1,29332.54,14110.1,30772.54,14270.1,2,0,0,0,A-T00080;A-T00081
A-L1-A12,1,30772.54,13930.13,32212.54,14810.13,2,1,0,1,A-T00082;A-T00083;A-T00368;A-CROSS4-31673-14190
A-L1-A13,1,32132.54,14110.1,33012.54,14270.1,1,0,0,0,A-T00084
A-L1-A14,1,32852.54,13930.13,33927.59,14810.13,1,1,1,0,A-T00085;A-T00377;A-CROSS3-33848-14190
A-L2-A01,2,16817.59,16681.3,17892.54,17870.1,2,1,2,0,A-T00132;A-T00155;A-T00281;A-CROSS3-16898-16710;A-CROSS3-16898-17790
A-L2-A02,2,17812.54,16681.3,19252.54,17870.1,4,1,0,2,A-T00133;A-T00134;A-T00156;A-T00157;A-T00290;A-CROSS4-19073-16710;A-CROSS4-19073-17790
A-L2-A03,2,19252.54,16681.3,20692.54,17870.1,4,0,0,0,A-T00135;A-T00136;A-T00158;A-T00159
A-L2-A04,2,20692.54,16681.3,22132.54,17870.1,4,1,0,2,A-T00137;A-T00138;A-T00160;A-T00161;A-T00306;A-CROSS4-21593-16710;A-CROSS4-21593-17790
A-L2-A05,2,22052.54,16681.3,22932.54,17870.1,2,0,0,0,A-T00139;A-T00162
A-L2-A06,2,22852.54,16681.3,24292.54,17870.1,4,1,0,2,A-T00140;A-T00141;A-T00163;A-T00164;A-T00323;A-CROSS4-24113-16710;A-CROSS4-24113-17790
A-L2-A07,2,24292.54,16681.3,25732.54,17870.1,4,0,0,0,A-T00142;A-T00143;A-T00165;A-T00166
A-L2-A08,2,25732.54,16681.3,27172.54,17870.1,4,1,0,2,A-T00144;A-T00145;A-T00167;A-T00168;A-T00340;A-CROSS4-26633-16710;A-CROSS4-26633-17790
A-L2-A09,2,27092.54,16681.3,27972.54,17870.1,2,0,0,0,A-T00146;A-T00169
A-L2-A10,2,27892.54,16681.3,29332.54,17870.1,4,1,0,2,A-T00147;A-T00148;A-T00170;A-T00171;A-T00357;A-CROSS4-29153-16710;A-CROSS4-29153-17790
A-L2-A11,2,29332.54,16681.3,30772.54,17870.1,4,0,0,0,A-T00149;A-T00150;A-T00172;A-T00173
A-L2-A12,2,30772.54,16681.3,32212.54,17870.1,4,1,0,2,A-T00151;A-T00152;A-T00174;A-T00175;A-T00372;A-CROSS4-31673-16710;A-CROSS4-31673-17790
A-L2-A13,2,32132.54,16681.3,33012.54,17870.1,2,0,0,0,A-T00153;A-T00176
A-L2-A14,2,32852.54,16681.3,33927.59,17870.1,2,1,2,0,A-T00154;A-T00177;A-T00381;A-CROSS3-33848-16710;A-CROSS3-33848-17790
A-L3-A01,3,18092.54,20950.1,18972.54,21110.1,1,0,0,0,A-T00224
A-L3-A02,3,18892.54,20950.1,20332.54,22010.13,2,1,2,0,A-T00225;A-T00226;A-T00296;A-CROSS3-19073-21030;A-CROSS3-20153-21030
A-L3-A03,3,20332.54,20950.1,21772.54,22010.13,2,1,0,1,A-T00227;A-T00228;A-T00312;A-CROSS4-21593-21030
A-L3-A04,3,21772.54,20950.1,23212.54,21110.1,2,0,0,0,A-T00229;A-T00230
A-L3-A05,3,23132.54,20950.1,24012.54,21110.1,1,0,0,0,A-T00231
A-L3-A06,3,23932.54,20950.1,25372.54,22010.13,2,1,0,1,A-T00232;A-T00233;A-T00329;A-CROSS4-24113-21030
A-L3-A07,3,25372.54,20950.1,26812.54,22010.13,2,1,0,1,A-T00234;A-T00235;A-T00346;A-CROSS4-26633-21030
A-L3-A08,3,26812.54,20950.1,28252.54,21110.1,2,0,0,0,A-T00236;A-T00237
A-L3-A09,3,28252.54,20950.1,29692.54,22010.13,2,1,0,1,A-T00238;A-T00239;A-T00363;A-CROSS4-29153-21030
A-L3-A10,3,29612.54,20950.1,30492.54,21110.1,1,0,0,0,A-T00240
A-L3-A11,3,30412.54,20950.1,31852.54,22010.13,2,1,2,0,A-T00241;A-T00242;A-T00366;A-CROSS3-30593-21030;A-CROSS3-31673-21030
A-L3-A12,3,31772.54,20950.1,32652.54,21110.1,1,0,0,0,A-T00243
